tripinfo_arrival,tripinfo_arrivalLane,tripinfo_arrivalPos,tripinfo_arrivalSpeed,tripinfo_depart,tripinfo_departDelay,tripinfo_departLane,tripinfo_departPos,tripinfo_departSpeed,tripinfo_devices,tripinfo_duration,tripinfo_id,tripinfo_rerouteNo,tripinfo_routeLength,tripinfo_speedFactor,tripinfo_stopTime,tripinfo_timeLoss,tripinfo_vType,tripinfo_vaporized,tripinfo_waitingCount,tripinfo_waitingTime
26.00,337277951#4_0,36.12,7.76,0.00,0.00,49217102_0,5.10,0.00,tripinfo_0 fcd_0,26.00,0,0,194.19,1.06,0.00,3.50,DEFAULT_VEHTYPE,,0,0.00
26.00,337277957#5_0,116.07,6.57,7.00,0.00,337277957#5_0,5.10,0.00,tripinfo_7 fcd_7,19.00,7,0,110.97,0.89,0.00,3.12,DEFAULT_VEHTYPE,,0,0.00
35.00,337277984#7_0,111.15,11.48,12.00,0.00,337277984#6_0,5.10,0.00,tripinfo_12 fcd_12,23.00,12,0,224.13,1.05,0.00,3.38,DEFAULT_VEHTYPE,,0,0.00
55.00,42141326#8_0,65.25,10.92,35.00,0.00,42141326#5_0,5.10,0.00,tripinfo_35 fcd_35,20.00,35,0,182.62,1.02,0.00,3.16,DEFAULT_VEHTYPE,,0,0.00
77.00,337277957#0_1,98.10,5.65,4.00,0.00,42141326#11_0,5.10,0.00,tripinfo_4 fcd_4,73.00,4,0,520.19,1.03,0.00,14.23,DEFAULT_VEHTYPE,,0,0.00
85.00,42141326#9_1,28.83,6.30,9.00,0.00,42141326#0_0,5.10,0.00,tripinfo_9 fcd_9,76.00,9,0,625.81,0.86,0.00,10.25,DEFAULT_VEHTYPE,,0,0.00
85.00,567060342#1_0,65.54,8.10,75.00,7.00,567060342#1_0,5.10,0.00,tripinfo_68 fcd_68,10.00,68,0,60.44,1.04,0.00,2.28,DEFAULT_VEHTYPE,,0,0.00
87.00,49217108#2_0,87.62,8.35,2.00,0.00,49217123_0,5.10,0.00,tripinfo_2 fcd_2,85.00,2,0,413.02,1.01,0.00,35.90,DEFAULT_VEHTYPE,,1,26.00
88.00,49217108#0_0,88.12,8.26,46.00,0.00,49217123_0,5.10,0.00,tripinfo_46 fcd_46,42.00,46,0,313.67,1.00,0.00,4.18,DEFAULT_VEHTYPE,,0,0.00
92.00,567060342#1_0,65.54,7.37,63.00,5.00,553352498#3_0,5.10,0.00,tripinfo_58 fcd_58,29.00,58,0,214.00,1.02,0.00,3.30,DEFAULT_VEHTYPE,,0,0.00
98.00,553352498#3_0,106.60,9.12,33.00,0.00,553352498#0_0,5.10,0.00,tripinfo_33 fcd_33,65.00,33,0,563.65,1.17,0.00,6.66,DEFAULT_VEHTYPE,,0,0.00
103.00,45429543#4_0,75.60,7.35,29.00,0.00,40668087#2_0,5.10,0.00,tripinfo_29 fcd_29,74.00,29,0,298.61,0.93,0.00,34.79,DEFAULT_VEHTYPE,,1,27.00
103.00,42141326#12_0,91.65,11.23,45.00,0.00,42141326#11_0,5.10,0.00,tripinfo_45 fcd_45,58.00,45,0,198.37,1.09,0.00,41.28,DEFAULT_VEHTYPE,,1,33.00
105.00,337277984#8_0,158.41,9.63,39.00,0.00,337277984#4_0,5.10,0.00,tripinfo_39 fcd_39,66.00,39,0,603.73,0.90,0.00,5.36,DEFAULT_VEHTYPE,,0,0.00
106.00,337277957#2_0,107.70,7.28,11.00,0.00,49217110#1_0,5.10,0.00,tripinfo_11 fcd_11,95.00,11,0,440.92,1.03,0.00,42.68,DEFAULT_VEHTYPE,,1,33.00
107.00,40668087#5_0,84.58,8.48,19.00,0.00,49217108#0_0,5.10,0.00,tripinfo_19 fcd_19,88.00,19,0,399.78,1.16,0.00,45.31,DEFAULT_VEHTYPE,,2,31.00
114.00,337277984#1_0,43.81,12.34,37.00,0.00,42141326#11_0,5.10,0.00,tripinfo_37 fcd_37,77.00,37,0,317.10,1.18,0.00,48.57,DEFAULT_VEHTYPE,,1,40.00
115.00,45429543#4_0,75.60,7.18,26.00,0.00,40668087#0_0,5.10,0.00,tripinfo_26 fcd_26,89.00,26,0,532.77,0.92,0.00,18.90,DEFAULT_VEHTYPE,,1,6.00
117.00,337277984#5_0,114.84,10.50,22.00,0.00,45429543#0_0,5.10,0.00,tripinfo_22 fcd_22,95.00,22,0,666.26,0.97,0.00,19.35,DEFAULT_VEHTYPE,,1,9.00
122.00,42143912#5_0,42.77,6.65,65.00,0.00,42141326#11_0,5.10,0.00,tripinfo_65 fcd_65,57.00,65,0,203.72,0.88,0.00,31.57,DEFAULT_VEHTYPE,,1,19.00
127.00,492471759#1_0,26.01,8.08,108.00,0.00,492471414_0,5.10,0.00,tripinfo_108 fcd_108,19.00,108,0,139.67,1.06,0.00,3.24,DEFAULT_VEHTYPE,,0,0.00
134.00,492471412#1_0,70.33,6.87,68.00,1.00,40668087#3_0,5.10,0.00,tripinfo_67 fcd_67,66.00,67,0,329.87,0.91,0.00,21.75,DEFAULT_VEHTYPE,,1,11.00
138.00,42143912#3_0,44.90,8.84,10.00,0.00,542428845#0_0,5.10,0.00,tripinfo_10 fcd_10,128.00,10,0,699.93,1.09,0.00,53.05,DEFAULT_VEHTYPE,,2,34.00
139.00,492471759#7_0,180.68,8.32,52.00,0.00,567060342#1_0,5.10,0.00,tripinfo_52 fcd_52,87.00,52,0,687.39,1.02,0.00,8.73,DEFAULT_VEHTYPE,,0,0.00
141.00,45429543#3_0,92.23,6.64,65.00,1.00,45429543#1_0,5.10,0.00,tripinfo_64 fcd_64,76.00,64,0,323.77,0.94,0.00,34.25,DEFAULT_VEHTYPE,,1,24.00
145.00,337277984#2_0,62.31,8.27,24.00,0.00,42141326#10_0,5.10,0.00,tripinfo_24 fcd_24,121.00,24,0,502.56,0.83,0.00,61.19,DEFAULT_VEHTYPE,,3,40.00
145.00,49217121_0,99.72,7.39,80.00,0.00,337277957#0_0,5.10,0.00,tripinfo_80 fcd_80,65.00,80,0,313.17,1.03,0.00,28.10,DEFAULT_VEHTYPE,,1,18.00
147.00,337277984#0_0,50.00,11.65,73.00,0.00,49217121_0,5.10,0.00,tripinfo_73 fcd_73,74.00,73,0,468.37,1.06,0.00,21.47,DEFAULT_VEHTYPE,,1,8.00
149.00,45429543#4_0,75.60,6.19,16.00,0.00,567060342#0_0,5.10,0.00,tripinfo_16 fcd_16,133.00,16,0,608.19,0.88,0.00,56.62,DEFAULT_VEHTYPE,,2,40.00
150.00,337277981#1_1,45.91,8.77,84.00,0.00,337277951#4_0,5.10,0.00,tripinfo_84 fcd_84,66.00,84,0,191.83,1.15,0.00,45.07,DEFAULT_VEHTYPE,,1,29.00
154.00,337277977#0_0,104.44,8.09,6.00,0.00,40668087#4_0,5.10,0.00,tripinfo_6 fcd_6,148.00,6,0,642.56,1.05,0.00,78.74,DEFAULT_VEHTYPE,,3,56.00
157.00,337277977#0_0,104.44,6.97,101.00,0.00,492471759#4_0,5.10,0.00,tripinfo_101 fcd_101,56.00,101,0,422.82,0.96,0.00,8.44,DEFAULT_VEHTYPE,,0,0.00
158.00,337277984#2_0,62.31,10.60,41.00,0.00,337277970#1_0,5.10,0.00,tripinfo_41 fcd_41,117.00,41,0,462.53,0.96,0.00,63.63,DEFAULT_VEHTYPE,,2,50.00
159.00,337277981#2_1,15.40,6.56,5.00,0.00,337277957#0_0,5.10,0.00,tripinfo_5 fcd_5,154.00,5,0,702.60,0.83,0.00,50.07,DEFAULT_VEHTYPE,,2,28.00
159.00,542428844#1_0,40.22,7.10,25.00,0.00,567060339#1_0,5.10,0.00,tripinfo_25 fcd_25,134.00,25,0,412.81,0.87,0.00,76.29,DEFAULT_VEHTYPE,,3,59.00
170.00,337277977#1_0,133.65,7.78,27.00,0.00,42141326#9_0,5.10,0.00,tripinfo_27 fcd_27,143.00,27,0,597.60,0.95,0.00,78.07,DEFAULT_VEHTYPE,,2,60.00
173.00,337277984#6_0,117.79,9.91,18.00,0.00,40668087#3_0,5.10,0.00,tripinfo_18 fcd_18,155.00,18,0,777.78,0.94,0.00,68.54,DEFAULT_VEHTYPE,,2,51.00
178.00,337277957#4_0,112.04,8.52,3.00,0.00,553352498#0_0,5.10,0.00,tripinfo_3 fcd_3,175.00,3,0,1008.32,1.08,0.00,61.82,DEFAULT_VEHTYPE,,1,43.00
185.00,337277984#6_0,117.79,10.18,74.00,0.00,42141326#11_0,5.10,0.00,tripinfo_74 fcd_74,111.00,74,0,779.86,0.96,0.00,33.49,DEFAULT_VEHTYPE,,1,13.00
185.00,337277981#2_1,15.40,7.74,133.00,0.00,553352498#3_0,5.10,0.00,tripinfo_133 fcd_133,52.00,133,0,391.37,1.04,0.00,6.38,DEFAULT_VEHTYPE,,0,0.00
190.00,337277984#7_0,111.15,8.83,66.00,0.00,49217108#2_0,5.10,0.00,tripinfo_66 fcd_66,124.00,66,0,883.42,0.91,0.00,25.24,DEFAULT_VEHTYPE,,1,9.00
190.00,337277984#8_0,158.41,10.67,82.00,0.00,42141326#4_0,5.10,0.00,tripinfo_82 fcd_82,108.00,82,0,1051.09,1.02,0.00,9.94,DEFAULT_VEHTYPE,,0,0.00
191.00,492471759#3_0,93.67,7.70,44.00,0.00,42141326#5_0,5.10,0.00,tripinfo_44 fcd_44,147.00,44,0,651.74,1.04,0.00,77.20,DEFAULT_VEHTYPE,,3,49.00
191.00,337277984#6_0,117.79,9.42,51.00,1.00,42141326#11_0,5.10,0.00,tripinfo_50 fcd_50,140.00,50,0,779.86,0.85,0.00,53.01,DEFAULT_VEHTYPE,,2,31.00
192.00,337277984#2_1,62.31,10.28,1.00,0.00,40668087#0_0,5.10,0.00,tripinfo_1 fcd_1,191.00,1,0,736.26,0.94,0.00,97.76,DEFAULT_VEHTYPE,,3,73.00
193.00,337277984#4_0,105.67,10.12,106.00,0.00,42141326#8_0,5.10,0.00,tripinfo_106 fcd_106,87.00,106,0,322.75,1.01,0.00,53.74,DEFAULT_VEHTYPE,,1,45.00
194.00,337277984#0_0,50.00,12.06,116.00,0.00,42141326#11_0,5.10,0.00,tripinfo_116 fcd_116,78.00,116,0,263.89,1.18,0.00,53.98,DEFAULT_VEHTYPE,,1,41.00
195.00,492471412#1_0,70.33,8.04,60.00,0.00,42143912#3_0,5.10,0.00,tripinfo_60 fcd_60,135.00,60,0,652.22,1.08,0.00,67.93,DEFAULT_VEHTYPE,,3,43.00
195.00,542428844#1_0,40.22,7.61,76.00,0.00,492471759#5_0,5.10,0.00,tripinfo_76 fcd_76,119.00,76,0,527.17,1.03,0.00,60.16,DEFAULT_VEHTYPE,,3,27.00
198.00,40668087#6_0,8.81,7.77,96.00,0.00,40668087#2_0,5.10,0.00,tripinfo_96 fcd_96,102.00,96,0,439.31,1.01,0.00,49.66,DEFAULT_VEHTYPE,,2,29.00
205.00,42141326#12_0,91.65,7.80,20.00,0.00,553352498#1_0,5.10,0.00,tripinfo_20 fcd_20,185.00,20,0,978.81,1.02,0.00,78.33,DEFAULT_VEHTYPE,,2,58.00
206.00,542428844#2_0,56.00,9.31,28.00,0.00,553352498#1_0,5.10,0.00,tripinfo_28 fcd_28,178.00,28,0,874.63,1.13,0.00,84.18,DEFAULT_VEHTYPE,,2,61.00
210.00,567060339#3_1,100.84,6.56,8.00,0.00,42143912#2_0,5.10,0.00,tripinfo_8 fcd_8,202.00,8,0,582.74,0.94,0.00,126.28,DEFAULT_VEHTYPE,,4,102.00
211.00,42141326#12_0,91.65,7.31,128.00,0.00,337277973#1_0,5.10,0.00,tripinfo_128 fcd_128,83.00,128,0,513.73,1.12,0.00,36.04,DEFAULT_VEHTYPE,,2,15.00
211.00,567060339#3_0,100.84,9.34,143.00,0.00,337277970#1_0,5.10,0.00,tripinfo_143 fcd_143,68.00,143,0,298.71,1.13,0.00,35.73,DEFAULT_VEHTYPE,,1,16.00
211.00,45429543#2_0,100.54,7.48,149.00,0.00,42141326#4_0,5.10,0.00,tripinfo_149 fcd_149,62.00,149,0,433.22,1.04,0.00,20.71,DEFAULT_VEHTYPE,,1,8.00
212.00,542428844#1_0,40.22,7.04,85.00,0.00,40668087#4_0,5.10,0.00,tripinfo_85 fcd_85,127.00,85,0,372.40,0.98,0.00,80.31,DEFAULT_VEHTYPE,,2,60.00
213.00,337277957#6_0,116.59,7.91,88.00,0.00,553352498#2_0,5.10,0.00,tripinfo_88 fcd_88,125.00,88,0,890.94,1.01,0.00,18.08,DEFAULT_VEHTYPE,,1,3.00
214.00,337277984#0_0,50.00,11.92,13.00,0.00,42141326#0_0,5.10,0.00,tripinfo_13 fcd_13,201.00,13,0,1017.77,1.12,0.00,115.37,DEFAULT_VEHTYPE,,3,83.00
214.00,42141326#11_1,100.80,9.16,49.00,0.00,337277984#2_0,5.10,0.00,tripinfo_49 fcd_49,165.00,49,0,637.77,0.85,0.00,79.63,DEFAULT_VEHTYPE,,2,61.00
215.00,337277984#5_0,114.84,11.23,112.00,0.00,42141326#5_0,5.10,0.00,tripinfo_112 fcd_112,103.00,112,0,560.34,1.10,0.00,53.02,DEFAULT_VEHTYPE,,1,44.00
216.00,337277957#3_1,112.97,7.43,55.00,0.00,42141326#10_0,5.10,0.00,tripinfo_55 fcd_55,161.00,55,0,867.84,1.00,0.00,61.26,DEFAULT_VEHTYPE,,2,28.00
220.00,542428845#0_0,99.31,7.90,78.00,0.00,492471759#3_0,5.10,0.00,tripinfo_78 fcd_78,142.00,78,0,634.56,1.01,0.00,68.43,DEFAULT_VEHTYPE,,2,39.00
221.00,42143912#3_0,44.90,7.66,44.00,1.00,553352498#2_0,5.10,0.00,tripinfo_43 fcd_43,177.00,43,0,815.35,1.04,0.00,87.50,DEFAULT_VEHTYPE,,3,51.00
222.00,492471759#7_0,180.68,9.45,31.00,0.00,553352498#0_0,5.10,0.00,tripinfo_31 fcd_31,191.00,31,0,1303.10,1.15,0.00,57.65,DEFAULT_VEHTYPE,,2,34.00
224.00,542428844#2_0,56.00,7.24,36.00,0.00,40668087#0_0,5.10,0.00,tripinfo_36 fcd_36,188.00,36,0,902.09,0.97,0.00,75.71,DEFAULT_VEHTYPE,,3,44.00
227.00,337277973#1_1,74.82,4.47,134.00,0.00,337277951#4_0,5.10,0.00,tripinfo_134 fcd_134,93.00,134,0,129.34,1.23,0.00,79.97,DEFAULT_VEHTYPE,,2,68.00
228.00,337277984#4_0,105.67,10.36,202.00,0.00,45429543#2_0,5.10,0.00,tripinfo_202 fcd_202,26.00,202,0,210.15,1.03,0.00,3.96,DEFAULT_VEHTYPE,,0,0.00
229.00,49217108#2_0,87.62,5.12,17.00,0.00,45429543#0_0,5.10,0.00,tripinfo_17 fcd_17,212.00,17,0,973.39,0.94,0.00,93.55,DEFAULT_VEHTYPE,,3,59.00
229.00,42141326#10_1,100.60,6.49,169.00,0.00,42141326#4_0,5.10,0.00,tripinfo_169 fcd_169,60.00,169,0,435.31,0.94,0.00,17.77,DEFAULT_VEHTYPE,,1,6.00
232.00,337277984#2_1,62.31,5.95,102.00,0.00,49217108#2_0,5.10,0.00,tripinfo_102 fcd_102,130.00,102,0,382.86,0.97,0.00,83.66,DEFAULT_VEHTYPE,,3,50.00
233.00,337277984#0_0,50.00,9.88,77.00,0.00,553352498#0_0,5.10,0.00,tripinfo_77 fcd_77,156.00,77,0,837.84,0.98,0.00,54.94,DEFAULT_VEHTYPE,,1,41.00
236.00,337277984#1_0,43.81,7.76,57.00,3.00,42141326#5_0,5.10,0.00,tripinfo_54 fcd_54,179.00,54,0,666.02,1.00,0.00,114.69,DEFAULT_VEHTYPE,,5,69.00
238.00,337277984#4_0,105.67,10.22,21.00,0.00,40668087#0_0,5.10,0.00,tripinfo_21 fcd_21,217.00,21,0,892.37,1.01,0.00,116.52,DEFAULT_VEHTYPE,,4,78.00
238.00,492471759#7_0,180.68,8.48,94.00,0.00,40668087#3_0,5.10,0.00,tripinfo_94 fcd_94,144.00,94,0,734.22,1.09,0.00,62.56,DEFAULT_VEHTYPE,,2,38.00
238.00,567060342#1_0,65.54,7.65,190.00,2.00,553352498#3_0,5.10,0.00,tripinfo_188 fcd_188,48.00,188,0,214.00,0.97,0.00,20.80,DEFAULT_VEHTYPE,,1,8.00
240.00,337277984#3_0,29.42,9.63,83.00,0.00,492471759#4_0,5.10,0.00,tripinfo_83 fcd_83,157.00,83,0,540.50,0.97,0.00,98.48,DEFAULT_VEHTYPE,,2,75.00
240.00,337277970#1_1,79.16,7.83,124.00,10.00,42143912#3_0,5.10,0.00,tripinfo_114 fcd_114,116.00,114,0,297.07,1.10,0.00,82.85,DEFAULT_VEHTYPE,,2,65.00
240.00,337277977#0_0,104.44,8.36,124.00,0.00,42141326#10_0,5.10,0.00,tripinfo_124 fcd_124,116.00,124,0,423.67,1.06,0.00,76.06,DEFAULT_VEHTYPE,,2,62.00
243.00,49217121_0,99.72,7.08,14.00,0.00,337277984#0_0,5.10,0.00,tripinfo_14 fcd_14,229.00,14,0,965.17,0.99,0.00,116.48,DEFAULT_VEHTYPE,,4,77.00
244.00,337277977#0_0,104.44,7.72,70.00,0.00,42141326#0_0,5.10,0.00,tripinfo_70 fcd_70,174.00,70,0,1065.73,1.02,0.00,76.09,DEFAULT_VEHTYPE,,2,54.00
244.00,42141326#12_1,91.65,12.00,221.00,0.00,42143912#1_0,5.10,0.00,tripinfo_221 fcd_221,23.00,221,0,198.99,1.15,0.00,4.21,DEFAULT_VEHTYPE,,0,0.00
246.00,337277957#3_0,112.97,7.39,115.00,0.00,49217110#1_0,5.10,0.00,tripinfo_115 fcd_115,131.00,115,0,554.18,0.92,0.00,58.51,DEFAULT_VEHTYPE,,1,46.00
247.00,49217121_0,99.72,8.89,38.00,0.00,42143912#3_0,5.10,0.00,tripinfo_38 fcd_38,209.00,38,0,630.48,1.10,0.00,139.07,DEFAULT_VEHTYPE,,4,101.00
247.00,337277957#4_1,112.04,9.19,141.00,0.00,49217121_0,5.10,0.00,tripinfo_141 fcd_141,106.00,141,0,658.77,1.16,0.00,36.69,DEFAULT_VEHTYPE,,1,17.00
249.00,337277984#4_0,105.67,10.45,63.00,0.00,553352498#0_0,5.10,0.00,tripinfo_63 fcd_63,186.00,63,0,1120.80,0.99,0.00,59.98,DEFAULT_VEHTYPE,,1,43.00
253.00,40668087#4_0,102.90,7.09,15.00,0.00,337277981#1_0,5.10,0.00,tripinfo_15 fcd_15,238.00,15,0,819.14,0.93,0.00,137.32,DEFAULT_VEHTYPE,,5,109.00
255.00,542429228_0,102.32,4.12,23.00,0.00,45429543#1_0,5.10,0.00,tripinfo_23 fcd_23,232.00,23,0,879.92,0.89,0.00,111.41,DEFAULT_VEHTYPE,,4,80.00
255.00,49217108#2_0,87.62,7.65,123.00,0.00,40668087#4_0,5.10,0.00,tripinfo_123 fcd_123,132.00,123,0,417.10,1.02,0.00,81.45,DEFAULT_VEHTYPE,,3,45.00
256.00,337277984#5_0,114.84,8.59,48.00,0.00,542428845#0_0,5.10,0.00,tripinfo_48 fcd_48,208.00,48,0,762.74,0.88,0.00,113.54,DEFAULT_VEHTYPE,,4,82.00
257.00,45429543#3_0,92.23,8.26,181.00,0.00,492471759#3_0,5.10,0.00,tripinfo_181 fcd_181,76.00,181,0,300.33,1.03,0.00,42.81,DEFAULT_VEHTYPE,,2,22.00
258.00,337277957#6_0,116.59,7.70,34.00,0.00,492471759#2_0,5.10,0.00,tripinfo_34 fcd_34,224.00,34,0,963.65,0.99,0.00,106.57,DEFAULT_VEHTYPE,,3,85.00
258.00,49217108#0_0,88.12,8.11,135.00,0.00,337277970#1_0,5.10,0.00,tripinfo_135 fcd_135,123.00,135,0,506.44,1.01,0.00,61.85,DEFAULT_VEHTYPE,,2,35.00
263.00,337277957#6_0,116.59,7.42,72.00,0.00,337277973#1_0,5.10,0.00,tripinfo_72 fcd_72,191.00,72,0,964.75,0.94,0.00,66.65,DEFAULT_VEHTYPE,,2,46.00
267.00,49217108#2_0,87.62,7.94,98.00,0.00,553352498#2_0,5.10,0.00,tripinfo_98 fcd_98,169.00,98,0,739.88,1.12,0.00,89.09,DEFAULT_VEHTYPE,,3,49.00
268.00,45429543#3_0,92.23,6.19,104.00,0.00,42141326#11_0,5.10,0.00,tripinfo_104 fcd_104,164.00,104,0,530.80,0.89,0.00,101.45,DEFAULT_VEHTYPE,,2,70.00
268.00,492471758_0,104.53,5.86,119.00,0.00,542428845#0_0,5.10,0.00,tripinfo_119 fcd_119,149.00,119,0,433.14,1.07,0.00,86.88,DEFAULT_VEHTYPE,,2,73.00
269.00,337277957#5_0,116.07,7.19,50.00,3.00,567060339#3_0,5.10,0.00,tripinfo_47 fcd_47,219.00,47,0,885.01,0.90,0.00,99.20,DEFAULT_VEHTYPE,,3,77.00
273.00,542428845#0_0,99.31,4.73,69.00,0.00,553352498#0_0,5.10,0.00,tripinfo_69 fcd_69,204.00,69,0,992.81,1.02,0.00,87.00,DEFAULT_VEHTYPE,,2,64.00
275.00,337277957#0_1,98.10,7.32,126.00,0.00,45429543#3_0,5.10,0.00,tripinfo_126 fcd_126,149.00,126,0,520.32,1.03,0.00,87.73,DEFAULT_VEHTYPE,,4,52.00
278.00,337277984#6_0,117.79,10.32,167.00,0.00,42143912#2_0,5.10,0.00,tripinfo_167 fcd_167,111.00,167,0,731.00,1.03,0.00,42.21,DEFAULT_VEHTYPE,,2,20.00
278.00,542428844#1_0,40.22,7.77,225.00,0.00,542428845#0_0,5.10,0.00,tripinfo_225 fcd_225,53.00,225,0,146.47,0.97,0.00,34.63,DEFAULT_VEHTYPE,,1,27.00
280.00,42143912#3_0,44.90,6.65,92.00,0.00,42141326#1_0,5.10,0.00,tripinfo_92 fcd_92,188.00,92,0,723.16,0.83,0.00,106.78,DEFAULT_VEHTYPE,,4,82.00
280.00,40668087#3_0,105.69,8.32,230.00,0.00,40668087#1_0,5.10,0.00,tripinfo_230 fcd_230,50.00,230,0,335.30,1.04,0.00,11.08,DEFAULT_VEHTYPE,,1,2.00
283.00,567060342#1_0,65.54,8.12,228.00,0.00,553352498#1_0,5.10,0.00,tripinfo_228 fcd_228,55.00,228,0,440.31,1.09,0.00,6.48,DEFAULT_VEHTYPE,,0,0.00
284.00,42141326#13_0,106.40,8.87,171.00,0.00,553352498#2_0,5.10,0.00,tripinfo_171 fcd_171,113.00,171,0,553.10,0.90,0.00,42.07,DEFAULT_VEHTYPE,,2,25.00
285.00,49217102_0,98.88,8.57,40.00,0.00,567060342#1_0,5.10,0.00,tripinfo_40 fcd_40,245.00,40,0,796.56,1.03,0.00,150.17,DEFAULT_VEHTYPE,,4,110.00
286.00,337277957#2_1,107.70,7.52,32.00,0.00,40668087#2_0,5.10,0.00,tripinfo_32 fcd_32,254.00,32,0,771.80,1.01,0.00,161.70,DEFAULT_VEHTYPE,,5,131.00
286.00,1053072563_0,100.63,7.42,71.00,0.00,49217108#0_0,5.10,0.00,tripinfo_71 fcd_71,215.00,71,0,731.52,0.97,0.00,123.68,DEFAULT_VEHTYPE,,5,93.00
292.00,542428845#0_0,99.31,7.78,161.00,9.00,40668087#4_0,5.10,0.00,tripinfo_152 fcd_152,131.00,152,0,320.14,1.07,0.00,94.73,DEFAULT_VEHTYPE,,2,79.00
292.00,492471758_0,104.53,5.47,154.00,0.00,42141326#8_0,5.10,0.00,tripinfo_154 fcd_154,138.00,154,0,541.96,1.06,0.00,72.68,DEFAULT_VEHTYPE,,4,45.00
292.00,337277984#4_0,105.67,11.99,215.00,0.00,45429543#0_0,5.10,0.00,tripinfo_215 fcd_215,77.00,215,0,551.14,1.09,0.00,18.70,DEFAULT_VEHTYPE,,1,7.00
293.00,40668087#5_0,84.58,7.69,90.00,3.00,49217102_0,5.10,0.00,tripinfo_87 fcd_87,203.00,87,0,834.08,1.04,0.00,112.57,DEFAULT_VEHTYPE,,4,76.00
294.00,567060339#3_0,100.84,6.76,201.00,0.00,337277970#1_0,5.10,0.00,tripinfo_201 fcd_201,93.00,201,0,298.71,0.87,0.00,50.82,DEFAULT_VEHTYPE,,2,37.00
297.00,492471759#2_0,68.11,7.16,57.00,0.00,40668087#0_0,5.10,0.00,tripinfo_57 fcd_57,240.00,57,0,1005.28,1.14,0.00,133.67,DEFAULT_VEHTYPE,,6,68.00
298.00,337277957#2_0,107.70,7.02,109.00,0.00,42143912#0_0,5.10,0.00,tripinfo_109 fcd_109,189.00,109,0,808.74,0.96,0.00,86.66,DEFAULT_VEHTYPE,,3,60.00
299.00,337277984#7_0,111.15,9.72,97.00,0.00,42141326#10_0,5.10,0.00,tripinfo_97 fcd_97,202.00,97,0,1003.12,0.91,0.00,98.13,DEFAULT_VEHTYPE,,3,56.00
299.00,42141326#14_0,110.62,10.12,185.00,0.00,553352498#2_0,5.10,0.00,tripinfo_185 fcd_185,114.00,185,0,664.00,0.92,0.00,32.95,DEFAULT_VEHTYPE,,2,16.00
300.00,567060339#3_0,100.84,7.00,56.00,0.00,42141326#0_0,5.10,0.00,tripinfo_56 fcd_56,244.00,56,0,1385.48,0.90,0.00,85.85,DEFAULT_VEHTYPE,,2,42.00
300.00,492471759#5_0,37.25,8.72,145.00,0.00,40668087#0_0,5.10,0.00,tripinfo_145 fcd_145,155.00,145,0,780.96,1.14,0.00,72.26,DEFAULT_VEHTYPE,,2,43.00
300.00,337277984#6_0,117.79,9.90,153.00,0.00,49217110#1_0,5.10,0.00,tripinfo_153 fcd_153,147.00,153,0,992.08,0.93,0.00,36.81,DEFAULT_VEHTYPE,,1,11.00
301.00,337277984#2_0,62.31,7.56,165.00,0.00,337277984#3_0,5.10,0.00,tripinfo_165 fcd_165,136.00,165,0,411.65,0.91,0.00,82.97,DEFAULT_VEHTYPE,,3,55.00
305.00,337277984#7_1,111.15,10.78,100.00,5.00,49217121_0,5.10,0.00,tripinfo_95 fcd_95,205.00,95,0,1095.78,1.06,0.00,99.03,DEFAULT_VEHTYPE,,4,59.00
306.00,337277957#3_0,112.97,8.29,42.00,0.00,542428845#0_0,5.10,0.00,tripinfo_42 fcd_42,264.00,42,0,870.14,1.09,0.00,167.47,DEFAULT_VEHTYPE,,6,127.00
309.00,337277957#3_0,112.97,7.06,103.00,0.00,542428845#0_0,5.10,0.00,tripinfo_103 fcd_103,206.00,103,0,870.14,0.95,0.00,95.27,DEFAULT_VEHTYPE,,4,58.00
311.00,337277984#4_0,105.67,9.66,235.00,0.00,42141326#5_0,5.10,0.00,tripinfo_235 fcd_235,76.00,235,0,445.22,0.96,0.00,29.59,DEFAULT_VEHTYPE,,2,13.00
312.00,337277977#1_0,133.65,7.36,191.00,0.00,553352498#1_0,5.10,0.00,tripinfo_191 fcd_191,121.00,191,0,805.46,0.93,0.00,16.13,DEFAULT_VEHTYPE,,1,1.00
313.00,337277984#7_0,111.15,11.11,179.00,0.00,45429543#1_0,5.10,0.00,tripinfo_179 fcd_179,134.00,179,0,676.06,1.06,0.00,70.05,DEFAULT_VEHTYPE,,2,57.00
313.00,492471412#1_0,70.33,7.39,248.00,3.00,40668087#2_0,5.10,0.00,tripinfo_245 fcd_245,65.00,245,0,443.31,1.01,0.00,11.89,DEFAULT_VEHTYPE,,0,0.00
316.00,337277984#8_1,158.41,11.98,176.00,0.00,567060342#0_0,5.10,0.00,tripinfo_176 fcd_176,140.00,176,0,1040.80,1.09,0.00,47.88,DEFAULT_VEHTYPE,,1,35.00
316.00,337277984#8_0,158.41,9.66,276.00,3.00,337277984#6_0,5.10,0.00,tripinfo_273 fcd_273,40.00,273,0,382.84,0.98,0.00,4.85,DEFAULT_VEHTYPE,,0,0.00
318.00,542429228_0,102.32,5.21,75.00,0.00,40668087#2_0,5.10,0.00,tripinfo_75 fcd_75,243.00,75,0,773.29,0.98,0.00,141.10,DEFAULT_VEHTYPE,,4,97.00
320.00,337277973#1_0,74.82,5.25,30.00,0.00,45429543#2_0,5.10,0.00,tripinfo_30 fcd_30,290.00,30,0,716.68,1.18,0.00,216.11,DEFAULT_VEHTYPE,,8,166.00
321.00,492471759#7_0,180.68,8.70,61.00,0.00,42143912#0_0,5.10,0.00,tripinfo_61 fcd_61,260.00,61,0,895.13,1.12,0.00,166.14,DEFAULT_VEHTYPE,,4,137.00
321.00,45429543#3_0,92.23,8.35,79.00,0.00,42141326#10_0,5.10,0.00,tripinfo_79 fcd_79,242.00,79,0,642.62,1.09,0.00,181.34,DEFAULT_VEHTYPE,,5,126.00
321.00,42141326#12_1,91.65,8.62,99.00,0.00,49217108#0_0,5.10,0.00,tripinfo_99 fcd_99,222.00,99,0,739.82,1.10,0.00,145.79,DEFAULT_VEHTYPE,,5,95.00
325.00,337277984#8_0,158.41,8.94,91.00,0.00,49217123_0,5.10,0.00,tripinfo_91 fcd_91,234.00,91,0,1374.57,0.89,0.00,76.65,DEFAULT_VEHTYPE,,3,45.00
325.00,40668087#4_0,102.90,7.90,129.00,0.00,492471759#1_0,5.10,0.00,tripinfo_129 fcd_129,196.00,129,0,522.47,1.01,0.00,135.30,DEFAULT_VEHTYPE,,4,100.00
327.00,49217108#2_0,87.62,6.68,62.00,0.00,45429543#1_0,5.10,0.00,tripinfo_62 fcd_62,265.00,62,0,753.86,1.02,0.00,181.62,DEFAULT_VEHTYPE,,5,135.00
327.00,337277984#2_0,62.31,10.10,174.00,0.00,492471759#4_0,5.10,0.00,tripinfo_174 fcd_174,153.00,174,0,501.71,0.96,0.00,97.29,DEFAULT_VEHTYPE,,2,64.00
328.00,337277984#4_0,105.67,10.12,148.00,0.00,553352498#0_0,5.10,0.00,tripinfo_148 fcd_148,180.00,148,0,1120.80,0.97,0.00,51.51,DEFAULT_VEHTYPE,,1,35.00
329.00,42141326#13_0,106.40,9.23,158.00,0.00,45429543#1_0,5.10,0.00,tripinfo_158 fcd_158,171.00,158,0,544.61,0.91,0.00,113.25,DEFAULT_VEHTYPE,,3,93.00
329.00,42141326#12_1,91.65,10.62,278.00,0.00,42143912#0_0,5.10,0.00,tripinfo_278 fcd_278,51.00,278,0,357.48,0.99,0.00,9.72,DEFAULT_VEHTYPE,,0,0.00
330.00,337277977#0_0,104.44,8.17,53.00,0.00,542428845#0_0,5.10,0.00,tripinfo_53 fcd_53,277.00,53,0,862.10,1.10,0.00,186.58,DEFAULT_VEHTYPE,,6,134.00
331.00,42141326#13_1,106.40,9.41,149.00,3.00,42143912#3_0,5.10,0.00,tripinfo_146 fcd_146,182.00,146,0,648.88,0.89,0.00,107.77,DEFAULT_VEHTYPE,,3,80.00
332.00,49217108#2_0,87.62,6.76,139.00,0.00,40668087#3_0,5.10,0.00,tripinfo_139 fcd_139,193.00,139,0,533.79,0.95,0.00,124.76,DEFAULT_VEHTYPE,,4,98.00
332.00,49217109#2_0,102.91,4.82,184.00,0.00,49217110#0_0,5.10,0.00,tripinfo_184 fcd_184,148.00,184,0,662.85,0.94,0.00,55.23,DEFAULT_VEHTYPE,,1,38.00
333.00,337277957#5_1,116.07,7.47,81.00,0.00,492471759#3_0,5.10,0.00,tripinfo_81 fcd_81,252.00,81,0,1198.04,1.00,0.00,109.80,DEFAULT_VEHTYPE,,4,69.00
336.00,492471759#4_0,55.40,7.38,110.00,0.00,42141326#4_0,5.10,0.00,tripinfo_110 fcd_110,226.00,110,0,833.29,0.93,0.00,137.17,DEFAULT_VEHTYPE,,5,97.00
336.00,492471758_0,104.53,5.18,121.00,0.00,40668087#5_0,5.10,0.00,tripinfo_121 fcd_121,215.00,121,0,545.18,1.10,0.00,142.91,DEFAULT_VEHTYPE,,3,103.00
336.00,492471759#7_0,180.68,7.99,130.00,0.00,492471414_0,5.10,0.00,tripinfo_130 fcd_130,206.00,130,0,734.84,1.03,0.00,120.29,DEFAULT_VEHTYPE,,4,79.00
336.00,337277984#4_0,105.67,9.65,270.00,0.00,492471759#3_0,5.10,0.00,tripinfo_270 fcd_270,66.00,270,0,316.38,0.97,0.00,32.52,DEFAULT_VEHTYPE,,3,10.00
337.00,337277957#2_0,107.70,6.32,276.00,0.00,553352498#3_0,5.10,0.00,tripinfo_276 fcd_276,61.00,276,0,320.58,0.87,0.00,15.87,DEFAULT_VEHTYPE,,1,6.00
338.00,337277977#1_0,133.65,8.48,89.00,0.00,567060339#1_0,5.10,0.00,tripinfo_89 fcd_89,249.00,89,0,847.19,1.02,0.00,148.20,DEFAULT_VEHTYPE,,4,120.00
341.00,492471759#7_0,180.68,7.54,148.00,1.00,40668087#0_0,5.10,0.00,tripinfo_147 fcd_147,193.00,147,0,1081.82,1.00,0.00,62.87,DEFAULT_VEHTYPE,,2,36.00
344.00,492471758_0,104.53,4.64,137.00,0.00,49217110#1_0,5.10,0.00,tripinfo_137 fcd_137,207.00,137,0,539.64,1.02,0.00,129.15,DEFAULT_VEHTYPE,,4,98.00
344.00,337277984#8_0,158.41,9.03,172.00,0.00,45429543#0_0,5.10,0.00,tripinfo_172 fcd_172,172.00,172,0,1054.30,0.89,0.00,50.01,DEFAULT_VEHTYPE,,2,31.00
346.00,337277984#5_0,114.84,8.69,188.00,1.00,40668087#3_0,5.10,0.00,tripinfo_187 fcd_187,158.00,187,0,659.89,0.89,0.00,79.36,DEFAULT_VEHTYPE,,3,51.00
347.00,337277957#6_0,116.59,8.18,175.00,7.00,49217110#1_0,5.10,0.00,tripinfo_168 fcd_168,172.00,168,0,899.74,0.98,0.00,61.89,DEFAULT_VEHTYPE,,2,40.00
347.00,337277984#8_1,158.41,11.50,213.00,0.00,42141326#4_0,5.10,0.00,tripinfo_213 fcd_213,134.00,213,0,1051.09,1.10,0.00,43.73,DEFAULT_VEHTYPE,,2,22.00
347.00,337277957#3_0,112.97,7.05,279.00,0.00,567060339#0_0,5.10,0.00,tripinfo_279 fcd_279,68.00,279,0,318.20,0.97,0.00,27.56,DEFAULT_VEHTYPE,,1,20.00
348.00,337277984#8_0,158.41,10.95,196.00,0.00,42141326#3_0,5.10,0.00,tripinfo_196 fcd_196,152.00,196,0,1059.65,1.03,0.00,54.91,DEFAULT_VEHTYPE,,1,40.00
348.00,542428844#1_0,40.22,6.87,250.00,0.00,567060339#1_0,5.10,0.00,tripinfo_250 fcd_250,98.00,250,0,412.81,0.93,0.00,44.09,DEFAULT_VEHTYPE,,1,29.00
349.00,337277957#6_0,116.59,8.31,173.00,0.00,567060342#1_0,5.10,0.00,tripinfo_173 fcd_173,176.00,173,0,1049.96,1.14,0.00,64.58,DEFAULT_VEHTYPE,,1,40.00
349.00,45429543#4_0,75.60,8.21,192.00,0.00,45429543#1_0,5.10,0.00,tripinfo_192 fcd_192,157.00,192,0,410.37,1.10,0.00,111.52,DEFAULT_VEHTYPE,,4,82.00
350.00,337277984#1_0,43.81,9.31,343.00,0.00,337277984#1_0,5.10,0.00,tripinfo_343 fcd_343,7.00,343,0,38.71,0.95,0.00,2.88,DEFAULT_VEHTYPE,,0,0.00
351.00,337277984#8_0,158.41,13.80,226.00,0.00,42141326#0_0,5.10,0.00,tripinfo_226 fcd_226,125.00,226,0,1353.34,1.24,0.00,23.28,DEFAULT_VEHTYPE,,1,2.00
353.00,45429543#3_0,92.23,7.71,142.00,0.00,49217110#0_0,5.10,0.00,tripinfo_142 fcd_142,211.00,142,0,857.48,0.94,0.00,107.08,DEFAULT_VEHTYPE,,3,59.00
355.00,40668087#4_0,102.90,6.97,207.00,0.00,45429543#0_0,5.10,0.00,tripinfo_207 fcd_207,148.00,207,0,655.19,0.97,0.00,66.67,DEFAULT_VEHTYPE,,3,41.00
356.00,542429228_0,102.32,4.39,124.00,7.00,42141326#11_0,5.10,0.00,tripinfo_117 fcd_117,232.00,117,0,651.74,1.00,0.00,149.47,DEFAULT_VEHTYPE,,5,107.00
360.00,337277984#6_1,117.79,10.25,190.00,1.00,49217108#2_0,5.10,0.00,tripinfo_189 fcd_189,170.00,189,0,771.98,0.97,0.00,87.55,DEFAULT_VEHTYPE,,4,58.00
365.00,337277984#6_1,117.79,11.78,161.00,2.00,49217110#1_0,5.10,0.00,tripinfo_159 fcd_159,204.00,159,0,992.08,1.14,0.00,114.27,DEFAULT_VEHTYPE,,3,85.00
369.00,492471412#1_0,70.33,5.76,259.00,0.00,49217108#2_0,5.10,0.00,tripinfo_259 fcd_259,110.00,259,0,325.09,0.84,0.00,54.84,DEFAULT_VEHTYPE,,1,42.00
372.00,492471759#2_0,68.11,8.01,131.00,0.00,49217102_0,5.10,0.00,tripinfo_131 fcd_131,241.00,131,0,735.53,1.07,0.00,156.49,DEFAULT_VEHTYPE,,5,118.00
374.00,337277984#5_0,114.84,11.01,90.00,0.00,567060339#0_0,5.10,0.00,tripinfo_90 fcd_90,284.00,90,0,1083.43,1.02,0.00,168.52,DEFAULT_VEHTYPE,,5,119.00
374.00,492471758_0,104.53,5.30,227.00,0.00,49217121_0,5.10,0.00,tripinfo_227 fcd_227,147.00,227,0,534.91,1.11,0.00,76.60,DEFAULT_VEHTYPE,,2,44.00
374.00,337277951#5_0,4.11,8.47,299.00,0.00,49217102_0,5.10,0.00,tripinfo_299 fcd_299,75.00,299,0,203.31,1.16,0.00,53.71,DEFAULT_VEHTYPE,,1,47.00
375.00,40668087#5_0,84.58,8.67,142.00,2.00,553352498#3_0,5.10,0.00,tripinfo_140 fcd_140,233.00,140,0,850.06,1.11,0.00,146.73,DEFAULT_VEHTYPE,,4,90.00
376.00,42143912#5_0,42.77,6.61,59.00,0.00,567060339#1_0,5.10,0.00,tripinfo_59 fcd_59,317.00,59,0,1018.69,0.97,0.00,195.19,DEFAULT_VEHTYPE,,6,145.00
376.00,1053072563_0,100.63,8.36,107.00,0.00,49217108#0_0,5.10,0.00,tripinfo_107 fcd_107,269.00,107,0,731.52,1.03,0.00,182.36,DEFAULT_VEHTYPE,,6,136.00
376.00,542429228_0,102.32,4.98,229.00,0.00,49217110#0_0,5.10,0.00,tripinfo_229 fcd_229,147.00,229,0,538.19,0.99,0.00,74.50,DEFAULT_VEHTYPE,,4,42.00
376.00,49217102_0,98.88,8.14,238.00,0.00,567060339#3_0,5.10,0.00,tripinfo_238 fcd_238,138.00,238,0,312.32,1.10,0.00,102.45,DEFAULT_VEHTYPE,,3,78.00
376.00,40668087#6_0,8.81,6.79,256.00,0.00,40668087#2_0,5.10,0.00,tripinfo_256 fcd_256,120.00,256,0,439.31,0.96,0.00,64.46,DEFAULT_VEHTYPE,,2,46.00
377.00,492471412#1_0,70.33,8.52,127.00,5.00,42141326#11_0,5.10,0.00,tripinfo_122 fcd_122,250.00,122,0,762.10,1.03,0.00,169.31,DEFAULT_VEHTYPE,,6,125.00
377.00,492471759#3_0,93.67,7.78,159.00,3.00,42141326#8_0,5.10,0.00,tripinfo_156 fcd_156,218.00,156,0,529.27,1.18,0.00,165.41,DEFAULT_VEHTYPE,,5,115.00
377.00,542428844#1_0,40.22,7.03,208.00,0.00,553352498#0_0,5.10,0.00,tripinfo_208 fcd_208,169.00,208,0,1045.07,0.96,0.00,37.65,DEFAULT_VEHTYPE,,1,15.00
378.00,337277984#8_0,158.41,10.86,113.00,0.00,40668087#0_0,5.10,0.00,tripinfo_113 fcd_113,265.00,113,0,1395.53,1.01,0.00,119.80,DEFAULT_VEHTYPE,,4,87.00
379.00,337277984#7_0,111.15,9.60,237.00,0.00,567060342#1_0,5.10,0.00,tripinfo_237 fcd_237,142.00,237,0,849.54,0.88,0.00,49.81,DEFAULT_VEHTYPE,,1,38.00
380.00,1053072563_0,100.63,7.00,120.00,0.00,42141326#1_0,5.10,0.00,tripinfo_120 fcd_120,260.00,120,0,1199.68,0.94,0.00,126.78,DEFAULT_VEHTYPE,,4,76.00
381.00,492471758_0,104.53,4.96,161.00,0.00,42143912#2_0,5.10,0.00,tripinfo_161 fcd_161,220.00,161,0,708.99,1.08,0.00,140.07,DEFAULT_VEHTYPE,,5,99.00
381.00,42141326#11_1,100.80,10.20,175.00,0.00,42143912#0_0,5.10,0.00,tripinfo_175 fcd_175,206.00,175,0,704.01,0.92,0.00,119.87,DEFAULT_VEHTYPE,,4,89.00
382.00,337277957#2_1,107.70,8.58,51.00,0.00,45429543#0_0,5.10,0.00,tripinfo_51 fcd_51,331.00,51,0,1090.47,1.17,0.00,223.24,DEFAULT_VEHTYPE,,5,164.00
382.00,49217109#2_0,102.91,5.61,340.00,0.00,567060339#1_0,5.10,0.00,tripinfo_340 fcd_340,42.00,340,0,272.65,1.11,0.00,5.74,DEFAULT_VEHTYPE,,0,0.00
384.00,492471759#3_0,93.67,7.66,209.00,0.00,40668087#0_0,5.10,0.00,tripinfo_209 fcd_209,175.00,209,0,664.56,0.98,0.00,92.90,DEFAULT_VEHTYPE,,3,57.00
384.00,337277957#3_0,112.97,7.98,291.00,0.00,553352498#1_0,5.10,0.00,tripinfo_291 fcd_291,93.00,291,0,660.15,0.97,0.00,9.64,DEFAULT_VEHTYPE,,0,0.00
385.00,492471759#6_0,105.55,5.36,152.00,8.00,542428845#0_0,5.10,0.00,tripinfo_144 fcd_144,233.00,144,0,656.12,0.73,0.00,125.10,DEFAULT_VEHTYPE,,6,84.00
386.00,42141326#11_1,100.80,11.09,258.00,0.00,337277973#1_0,5.10,0.00,tripinfo_258 fcd_258,128.00,258,0,411.06,1.01,0.00,84.33,DEFAULT_VEHTYPE,,2,65.00
387.00,42141326#11_0,100.80,10.35,180.00,0.00,49217110#1_0,5.10,0.00,tripinfo_180 fcd_180,207.00,180,0,750.25,1.10,0.00,130.14,DEFAULT_VEHTYPE,,4,93.00
387.00,492471759#6_0,105.55,8.91,210.00,0.00,42143912#0_0,5.10,0.00,tripinfo_210 fcd_210,177.00,210,0,714.18,1.10,0.00,101.29,DEFAULT_VEHTYPE,,3,65.00
387.00,42143912#3_0,44.90,8.62,236.00,0.00,45429543#0_0,5.10,0.00,tripinfo_236 fcd_236,151.00,236,0,597.39,1.04,0.00,86.98,DEFAULT_VEHTYPE,,2,60.00
387.00,337277957#5_0,116.07,6.62,335.00,0.00,337277957#3_0,5.10,0.00,tripinfo_335 fcd_335,52.00,335,0,336.56,0.89,0.00,6.04,DEFAULT_VEHTYPE,,0,0.00
387.00,42141326#5_0,109.63,9.62,352.00,0.00,42141326#1_0,5.10,0.00,tripinfo_352 fcd_352,35.00,352,0,329.09,0.97,0.00,4.16,DEFAULT_VEHTYPE,,0,0.00
388.00,337277984#6_0,117.79,10.55,86.00,0.00,567060339#1_0,5.10,0.00,tripinfo_86 fcd_86,302.00,86,0,1152.50,1.00,0.00,180.24,DEFAULT_VEHTYPE,,5,142.00
389.00,492471758_0,104.53,4.55,134.00,2.00,49217102_0,5.10,0.00,tripinfo_132 fcd_132,255.00,132,0,853.67,0.96,0.00,147.43,DEFAULT_VEHTYPE,,5,100.00
390.00,567060339#3_0,100.84,6.36,198.00,1.00,40668087#3_0,5.10,0.00,tripinfo_197 fcd_197,192.00,197,0,647.20,0.87,0.00,102.42,DEFAULT_VEHTYPE,,5,69.00
390.00,42141326#11_0,100.80,8.83,234.00,0.00,337277981#1_0,5.10,0.00,tripinfo_234 fcd_234,156.00,234,0,714.48,0.91,0.00,66.48,DEFAULT_VEHTYPE,,3,36.00
395.00,492471759#4_0,55.40,8.06,241.00,0.00,40668087#1_0,5.10,0.00,tripinfo_241 fcd_241,154.00,241,0,621.44,1.01,0.00,79.31,DEFAULT_VEHTYPE,,2,46.00
398.00,567060339#3_0,100.84,8.57,247.00,0.00,42143912#3_0,5.10,0.00,tripinfo_247 fcd_247,151.00,247,0,521.72,1.04,0.00,89.67,DEFAULT_VEHTYPE,,3,55.00
401.00,49217109#2_0,102.91,5.42,105.00,0.00,337277984#3_0,5.10,0.00,tripinfo_105 fcd_105,296.00,105,0,788.82,1.07,0.00,201.00,DEFAULT_VEHTYPE,,5,159.00
402.00,337277984#8_0,158.41,11.06,182.00,0.00,337277981#2_0,5.10,0.00,tripinfo_182 fcd_182,220.00,182,0,1175.56,1.03,0.00,106.26,DEFAULT_VEHTYPE,,3,85.00
402.00,492471759#8_0,8.40,8.09,194.00,0.00,49217108#2_0,5.10,0.00,tripinfo_194 fcd_194,208.00,194,0,737.11,1.00,0.00,118.35,DEFAULT_VEHTYPE,,4,86.00
402.00,567060339#3_0,100.84,7.01,281.00,16.00,42143912#5_0,5.10,0.00,tripinfo_265 fcd_265,121.00,265,0,465.55,0.96,0.00,62.13,DEFAULT_VEHTYPE,,2,35.00
403.00,337277957#3_0,112.97,7.00,93.00,0.00,42141326#0_0,5.10,0.00,tripinfo_93 fcd_93,310.00,93,0,1509.90,0.92,0.00,140.44,DEFAULT_VEHTYPE,,5,87.00
403.00,337277984#8_1,158.41,10.88,158.00,1.00,49217110#0_0,5.10,0.00,tripinfo_157 fcd_157,245.00,157,0,1376.69,1.08,0.00,114.34,DEFAULT_VEHTYPE,,3,76.00
406.00,492471759#6_0,105.55,8.07,217.00,0.00,49217108#0_0,5.10,0.00,tripinfo_217 fcd_217,189.00,217,0,647.32,1.07,0.00,115.43,DEFAULT_VEHTYPE,,5,61.00
410.00,567060339#3_1,100.84,6.77,251.00,0.00,49217121_0,5.10,0.00,tripinfo_251 fcd_251,159.00,251,0,422.02,0.88,0.00,99.88,DEFAULT_VEHTYPE,,2,77.00
413.00,337277984#2_0,62.31,11.71,136.00,0.00,45429543#0_0,5.10,0.00,tripinfo_136 fcd_136,277.00,136,0,838.45,1.12,0.00,196.43,DEFAULT_VEHTYPE,,5,143.00
413.00,42141326#14_0,110.62,11.02,281.00,0.00,49217110#0_0,5.10,0.00,tripinfo_281 fcd_281,132.00,281,0,774.54,1.08,0.00,51.83,DEFAULT_VEHTYPE,,1,40.00
414.00,337277984#1_1,43.81,9.46,295.00,0.00,45429543#0_0,5.10,0.00,tripinfo_295 fcd_295,119.00,295,0,764.81,0.96,0.00,32.37,DEFAULT_VEHTYPE,,1,7.00
415.00,337277957#4_1,112.04,8.14,186.00,0.00,42141326#8_0,5.10,0.00,tripinfo_186 fcd_186,229.00,186,0,1094.80,1.08,0.00,115.07,DEFAULT_VEHTYPE,,4,57.00
415.00,49217109#2_0,102.91,4.02,195.00,0.00,40668087#4_0,5.10,0.00,tripinfo_195 fcd_195,220.00,195,0,649.14,0.84,0.00,118.36,DEFAULT_VEHTYPE,,4,86.00
415.00,337277984#0_0,50.00,9.53,202.00,2.00,492471414_0,5.10,0.00,tripinfo_200 fcd_200,213.00,200,0,680.46,0.95,0.00,127.53,DEFAULT_VEHTYPE,,5,83.00
415.00,542428844#2_0,56.00,8.07,294.00,0.00,492471414_0,5.10,0.00,tripinfo_294 fcd_294,121.00,294,0,550.78,1.05,0.00,57.45,DEFAULT_VEHTYPE,,2,40.00
418.00,337277957#5_0,116.07,7.87,166.00,2.00,40668087#1_0,5.10,0.00,tripinfo_164 fcd_164,252.00,164,0,1235.02,1.05,0.00,110.40,DEFAULT_VEHTYPE,,4,75.00
418.00,337277957#4_0,112.04,8.31,195.00,2.00,42141326#8_0,5.10,0.00,tripinfo_193 fcd_193,223.00,193,0,1094.80,1.07,0.00,107.55,DEFAULT_VEHTYPE,,4,52.00
418.00,337277984#4_0,105.67,10.48,206.00,0.00,567060339#3_0,5.10,0.00,tripinfo_206 fcd_206,212.00,206,0,861.21,1.00,0.00,117.82,DEFAULT_VEHTYPE,,4,78.00
418.00,49217109#2_0,102.91,4.95,223.00,0.00,40668087#4_0,5.10,0.00,tripinfo_223 fcd_223,195.00,223,0,649.14,1.06,0.00,114.15,DEFAULT_VEHTYPE,,4,60.00
418.00,492471759#7_0,180.68,7.92,224.00,0.00,49217102_0,5.10,0.00,tripinfo_224 fcd_224,194.00,224,0,824.97,1.02,0.00,98.85,DEFAULT_VEHTYPE,,3,64.00
418.00,42141326#11_1,100.80,10.31,263.00,0.00,42141326#0_0,5.10,0.00,tripinfo_263 fcd_263,155.00,263,0,849.58,0.96,0.00,74.20,DEFAULT_VEHTYPE,,2,58.00
418.00,42141326#12_1,91.65,10.99,328.00,0.00,42143912#0_0,5.10,0.00,tripinfo_328 fcd_328,90.00,328,0,357.48,1.00,0.00,49.74,DEFAULT_VEHTYPE,,1,41.00
418.00,337277970#1_1,79.16,7.49,346.00,1.00,492471759#2_0,5.10,0.00,tripinfo_345 fcd_345,72.00,345,0,269.02,0.94,0.00,36.80,DEFAULT_VEHTYPE,,1,16.00
420.00,337277984#1_1,43.81,9.97,162.00,0.00,337277984#2_0,5.10,0.00,tripinfo_162 fcd_162,258.00,162,0,832.05,0.99,0.00,162.03,DEFAULT_VEHTYPE,,6,117.00
420.00,492471412#1_0,70.33,9.34,239.00,0.00,49217110#0_0,5.10,0.00,tripinfo_239 fcd_239,181.00,239,0,654.70,1.13,0.00,104.33,DEFAULT_VEHTYPE,,4,61.00
420.00,337277957#0_1,98.10,8.50,262.00,0.00,553352498#3_0,5.10,0.00,tripinfo_262 fcd_262,158.00,262,0,622.13,1.04,0.00,85.53,DEFAULT_VEHTYPE,,2,62.00
420.00,492471759#7_0,180.68,8.43,265.00,1.00,553352498#3_0,5.10,0.00,tripinfo_264 fcd_264,155.00,264,0,840.95,1.13,0.00,68.04,DEFAULT_VEHTYPE,,2,37.00
420.00,49217102_0,98.88,8.10,337.00,0.00,49217121_0,5.10,0.00,tripinfo_337 fcd_337,83.00,337,0,202.44,1.02,0.00,58.42,DEFAULT_VEHTYPE,,1,51.00
421.00,49217109#2_0,102.91,4.50,118.00,0.00,45429543#1_0,5.10,0.00,tripinfo_118 fcd_118,303.00,118,0,978.41,0.99,0.00,182.13,DEFAULT_VEHTYPE,,5,117.00
422.00,42141326#14_0,110.62,10.98,218.00,0.00,567060339#3_0,5.10,0.00,tripinfo_218 fcd_218,204.00,218,0,762.22,1.07,0.00,123.54,DEFAULT_VEHTYPE,,3,97.00
424.00,49217102_0,98.88,8.10,198.00,0.00,567060342#0_0,5.10,0.00,tripinfo_198 fcd_198,226.00,198,0,829.11,1.06,0.00,130.82,DEFAULT_VEHTYPE,,4,102.00
424.00,567060339#3_1,100.84,7.32,356.00,6.00,553352498#3_0,5.10,0.00,tripinfo_350 fcd_350,68.00,350,0,321.26,1.02,0.00,29.71,DEFAULT_VEHTYPE,,1,18.00
426.00,337277977#0_0,104.44,7.83,177.00,0.00,49217108#0_0,5.10,0.00,tripinfo_177 fcd_177,249.00,177,0,853.30,1.03,0.00,154.30,DEFAULT_VEHTYPE,,5,91.00
426.00,45429543#3_0,92.23,4.95,199.00,0.00,492471414_0,5.10,0.00,tripinfo_199 fcd_199,227.00,199,0,529.34,0.83,0.00,152.95,DEFAULT_VEHTYPE,,6,102.00
427.00,49217108#0_0,88.12,9.15,294.00,1.00,40668087#6_0,5.10,0.00,tripinfo_293 fcd_293,133.00,293,0,532.77,1.14,0.00,75.52,DEFAULT_VEHTYPE,,3,37.00
429.00,337277957#4_0,112.04,7.51,244.00,0.00,49217123_0,5.10,0.00,tripinfo_244 fcd_244,185.00,244,0,778.85,1.02,0.00,93.04,DEFAULT_VEHTYPE,,2,72.00
429.00,337277984#1_0,43.81,8.77,287.00,0.00,49217121_0,5.10,0.00,tripinfo_287 fcd_287,142.00,287,0,521.58,0.89,0.00,74.45,DEFAULT_VEHTYPE,,2,53.00
429.00,337277977#0_0,104.44,7.06,414.00,2.00,337277977#0_0,5.10,0.00,tripinfo_412 fcd_412,15.00,412,0,99.34,0.97,0.00,2.35,DEFAULT_VEHTYPE,,0,0.00
432.00,49217108#2_0,87.62,8.58,233.00,0.00,553352498#0_0,5.10,0.00,tripinfo_233 fcd_233,199.00,233,0,1090.49,1.15,0.00,84.38,DEFAULT_VEHTYPE,,3,65.00
435.00,337277957#6_0,116.59,8.79,128.00,3.00,42141326#4_0,5.10,0.00,tripinfo_125 fcd_125,307.00,125,0,1553.21,1.15,0.00,158.74,DEFAULT_VEHTYPE,,5,86.00
435.00,492471759#7_0,180.68,7.97,205.00,0.00,40668087#0_0,5.10,0.00,tripinfo_205 fcd_205,230.00,205,0,1081.82,1.02,0.00,102.25,DEFAULT_VEHTYPE,,3,63.00
437.00,337277957#3_0,112.97,6.58,282.00,0.00,553352498#0_0,5.10,0.00,tripinfo_282 fcd_282,155.00,282,0,895.99,0.95,0.00,40.68,DEFAULT_VEHTYPE,,1,27.00
438.00,337277957#6_0,116.59,8.05,138.00,0.00,492471414_0,5.10,0.00,tripinfo_138 fcd_138,300.00,138,0,1113.47,1.00,0.00,166.25,DEFAULT_VEHTYPE,,4,118.00
438.00,42141326#13_0,106.40,11.48,426.00,0.00,42141326#13_0,5.10,0.00,tripinfo_426 fcd_426,12.00,426,0,101.30,1.05,0.00,3.27,DEFAULT_VEHTYPE,,0,0.00
441.00,337277977#1_0,133.65,8.36,155.00,4.00,542428845#0_0,5.10,0.00,tripinfo_151 fcd_151,286.00,151,0,996.05,1.00,0.00,171.59,DEFAULT_VEHTYPE,,6,100.00
441.00,337277970#1_1,79.16,7.53,305.00,1.00,42141326#10_0,5.10,0.00,tripinfo_304 fcd_304,136.00,304,0,518.77,0.98,0.00,78.21,DEFAULT_VEHTYPE,,3,42.00
446.00,542429228_0,102.32,5.86,103.00,3.00,42141326#5_0,5.10,0.00,tripinfo_100 fcd_100,343.00,100,0,1000.66,1.06,0.00,235.78,DEFAULT_VEHTYPE,,5,173.00
446.00,337277970#1_1,79.16,8.18,249.00,0.00,567060339#0_0,5.10,0.00,tripinfo_249 fcd_249,197.00,249,0,818.55,1.11,0.00,106.26,DEFAULT_VEHTYPE,,3,58.00
446.00,337277984#6_0,117.79,10.47,306.00,0.00,49217108#2_0,5.10,0.00,tripinfo_306 fcd_306,140.00,306,0,771.98,1.06,0.00,64.57,DEFAULT_VEHTYPE,,2,25.00
450.00,337277957#6_0,116.59,6.87,160.00,0.00,337277984#3_0,5.10,0.00,tripinfo_160 fcd_160,290.00,160,0,1140.17,0.88,0.00,133.33,DEFAULT_VEHTYPE,,5,94.00
453.00,337277984#7_1,111.15,10.42,211.00,0.00,40668087#1_0,5.10,0.00,tripinfo_211 fcd_211,242.00,211,0,1123.93,1.04,0.00,127.35,DEFAULT_VEHTYPE,,5,84.00
454.00,337277977#1_0,133.65,8.01,332.00,0.00,42143912#0_0,5.10,0.00,tripinfo_332 fcd_332,122.00,332,0,604.91,1.01,0.00,51.87,DEFAULT_VEHTYPE,,1,38.00
455.00,337277951#4_0,36.12,5.92,269.00,0.00,45429543#2_0,5.10,0.00,tripinfo_269 fcd_269,186.00,269,0,618.36,1.26,0.00,126.15,DEFAULT_VEHTYPE,,4,74.00
455.00,337277957#4_0,112.04,8.03,320.00,3.00,553352498#1_0,5.10,0.00,tripinfo_317 fcd_317,135.00,317,0,772.48,0.98,0.00,38.73,DEFAULT_VEHTYPE,,1,24.00
458.00,337277957#0_0,98.10,5.73,359.00,1.00,40668087#5_0,5.10,0.00,tripinfo_358 fcd_358,99.00,358,0,305.21,1.08,0.00,65.08,DEFAULT_VEHTYPE,,3,40.00
460.00,337277957#0_1,98.10,7.40,150.00,0.00,42141326#0_0,5.10,0.00,tripinfo_150 fcd_150,310.00,150,0,1274.07,0.96,0.00,176.81,DEFAULT_VEHTYPE,,5,121.00
461.00,40668087#6_0,8.81,8.25,261.00,0.00,42141326#8_0,5.10,0.00,tripinfo_261 fcd_261,200.00,261,0,538.18,1.13,0.00,144.19,DEFAULT_VEHTYPE,,4,100.00
463.00,42141326#11_1,100.80,11.58,329.00,41.00,40668087#4_0,5.10,0.00,tripinfo_288 fcd_288,134.00,288,0,426.41,1.10,0.00,89.03,DEFAULT_VEHTYPE,,2,57.00
463.00,492471759#4_0,55.40,7.01,298.00,0.00,45429543#0_0,5.10,0.00,tripinfo_298 fcd_298,165.00,298,0,829.37,0.98,0.00,71.37,DEFAULT_VEHTYPE,,2,40.00
464.00,42143912#3_0,44.90,9.67,314.00,0.00,45429543#0_0,5.10,0.00,tripinfo_314 fcd_314,150.00,314,0,597.39,1.21,0.00,94.77,DEFAULT_VEHTYPE,,2,74.00
464.00,337277984#7_0,111.15,12.95,362.00,0.00,337277973#1_0,5.10,0.00,tripinfo_362 fcd_362,102.00,362,0,764.33,1.20,0.00,42.07,DEFAULT_VEHTYPE,,1,31.00
465.00,542428844#1_0,40.22,7.67,317.00,4.00,553352498#1_0,5.10,0.00,tripinfo_313 fcd_313,148.00,313,0,809.23,1.07,0.00,56.90,DEFAULT_VEHTYPE,,2,31.00
466.00,337277957#2_0,107.70,8.84,170.00,0.00,337277984#2_0,5.10,0.00,tripinfo_170 fcd_170,296.00,170,0,753.03,1.09,0.00,214.40,DEFAULT_VEHTYPE,,6,172.00
466.00,42141326#13_0,106.40,10.64,353.00,9.00,553352498#3_0,5.10,0.00,tripinfo_344 fcd_344,113.00,344,0,441.56,0.98,0.00,61.46,DEFAULT_VEHTYPE,,2,47.00
467.00,492471759#4_0,55.40,8.22,253.00,1.00,567060339#1_0,5.10,0.00,tripinfo_252 fcd_252,214.00,252,0,754.30,0.99,0.00,124.12,DEFAULT_VEHTYPE,,4,89.00
468.00,492471412#1_0,70.33,6.28,111.00,0.00,553352498#0_0,5.10,0.00,tripinfo_111 fcd_111,357.00,111,0,1336.05,0.87,0.00,179.03,DEFAULT_VEHTYPE,,5,130.00
469.00,1053072563_0,100.63,7.10,166.00,0.00,337277984#1_0,5.10,0.00,tripinfo_166 fcd_166,303.00,166,0,791.61,1.00,0.00,211.32,DEFAULT_VEHTYPE,,6,164.00
469.00,542428844#2_0,56.00,7.41,220.00,0.00,45429543#1_0,5.10,0.00,tripinfo_220 fcd_220,249.00,220,0,774.56,1.00,0.00,161.09,DEFAULT_VEHTYPE,,4,118.00
469.00,337277984#8_0,158.41,10.38,244.00,1.00,49217102_0,5.10,0.00,tripinfo_243 fcd_243,225.00,243,0,1145.83,0.99,0.00,110.79,DEFAULT_VEHTYPE,,4,70.00
469.00,337277984#8_1,158.41,13.06,318.00,0.00,42141326#10_0,5.10,0.00,tripinfo_318 fcd_318,151.00,318,0,1161.83,1.18,0.00,59.00,DEFAULT_VEHTYPE,,2,29.00
471.00,337277984#6_0,117.79,12.09,388.00,0.00,567060342#1_0,5.10,0.00,tripinfo_388 fcd_388,83.00,388,0,738.10,1.19,0.00,22.67,DEFAULT_VEHTYPE,,1,11.00
473.00,337277957#6_0,116.59,8.09,411.00,0.00,337277957#3_0,5.10,0.00,tripinfo_411 fcd_411,62.00,411,0,453.43,0.98,0.00,5.52,DEFAULT_VEHTYPE,,0,0.00
476.00,42141326#14_0,110.62,9.85,219.00,0.00,337277957#0_0,5.10,0.00,tripinfo_219 fcd_219,257.00,219,0,870.89,0.91,0.00,146.99,DEFAULT_VEHTYPE,,4,115.00
476.00,492471759#4_0,55.40,9.31,315.00,0.00,40668087#3_0,5.10,0.00,tripinfo_315 fcd_315,161.00,315,0,386.73,1.15,0.00,119.91,DEFAULT_VEHTYPE,,3,90.00
476.00,492471758_0,104.53,6.42,320.00,0.00,45429543#2_0,5.10,0.00,tripinfo_320 fcd_320,156.00,320,0,429.36,1.16,0.00,104.98,DEFAULT_VEHTYPE,,3,66.00
477.00,42141326#11_0,100.80,11.10,283.00,0.00,42143912#2_0,5.10,0.00,tripinfo_283 fcd_283,194.00,283,0,489.17,1.02,0.00,141.63,DEFAULT_VEHTYPE,,4,114.00
479.00,337277957#2_0,107.70,7.46,310.00,0.00,49217108#2_0,5.10,0.00,tripinfo_310 fcd_310,169.00,310,0,648.23,0.90,0.00,81.47,DEFAULT_VEHTYPE,,3,39.00
483.00,337277957#3_1,112.97,8.76,178.00,0.00,337277984#0_0,5.10,0.00,tripinfo_178 fcd_178,305.00,178,0,980.83,1.08,0.00,201.35,DEFAULT_VEHTYPE,,5,140.00
483.00,337277957#2_0,107.70,7.73,427.00,8.00,337277957#0_0,5.10,0.00,tripinfo_419 fcd_419,56.00,419,0,215.57,1.03,0.00,30.43,DEFAULT_VEHTYPE,,1,17.00
485.00,42141326#14_0,110.62,12.05,312.00,0.00,49217110#1_0,5.10,0.00,tripinfo_312 fcd_312,173.00,312,0,660.08,1.11,0.00,107.15,DEFAULT_VEHTYPE,,2,83.00
485.00,492471759#6_0,105.55,6.83,388.00,15.00,42143912#5_0,5.10,0.00,tripinfo_373 fcd_373,97.00,373,0,382.15,0.91,0.00,48.78,DEFAULT_VEHTYPE,,1,34.00
489.00,542428845#0_0,99.31,7.24,420.00,11.00,40668087#5_0,5.10,0.00,tripinfo_409 fcd_409,69.00,409,0,206.25,0.99,0.00,43.57,DEFAULT_VEHTYPE,,1,29.00
495.00,337277957#3_1,112.97,8.44,371.00,3.00,567060339#3_0,5.10,0.00,tripinfo_368 fcd_368,124.00,368,0,656.32,1.14,0.00,53.79,DEFAULT_VEHTYPE,,2,31.00
496.00,492471759#7_0,180.68,6.90,243.00,1.00,49217108#0_0,5.10,0.00,tripinfo_242 fcd_242,253.00,242,0,828.27,0.97,0.00,149.86,DEFAULT_VEHTYPE,,3,107.00
498.00,337277984#2_0,62.31,8.89,296.00,0.00,49217108#0_0,5.10,0.00,tripinfo_296 fcd_296,202.00,296,0,482.71,1.10,0.00,150.56,DEFAULT_VEHTYPE,,4,102.00
499.00,49217121_0,99.72,6.16,163.00,0.00,42141326#5_0,5.10,0.00,tripinfo_163 fcd_163,336.00,163,0,1089.28,1.13,0.00,230.34,DEFAULT_VEHTYPE,,7,150.00
500.00,492471759#7_0,180.68,8.91,300.00,0.00,553352498#2_0,5.10,0.00,tripinfo_300 fcd_300,200.00,300,0,952.49,1.07,0.00,95.66,DEFAULT_VEHTYPE,,2,78.00
501.00,49217109#2_0,102.91,3.54,214.00,0.00,337277984#2_0,5.10,0.00,tripinfo_214 fcd_214,287.00,214,0,860.50,0.83,0.00,156.44,DEFAULT_VEHTYPE,,6,114.00
503.00,337277973#1_1,74.82,8.27,212.00,0.00,42141326#8_0,5.10,0.00,tripinfo_212 fcd_212,291.00,212,0,827.82,1.00,0.00,199.34,DEFAULT_VEHTYPE,,7,147.00
503.00,337277970#1_0,79.16,7.50,246.00,0.00,337277984#0_0,5.10,0.00,tripinfo_246 fcd_246,257.00,246,0,631.76,0.97,0.00,184.32,DEFAULT_VEHTYPE,,5,130.00
504.00,42141326#14_0,110.62,11.89,395.00,0.00,49217123_0,5.10,0.00,tripinfo_395 fcd_395,109.00,395,0,772.42,1.14,0.00,32.30,DEFAULT_VEHTYPE,,1,16.00
505.00,337277984#6_0,117.79,8.13,351.00,0.00,42141326#4_0,5.10,0.00,tripinfo_351 fcd_351,154.00,351,0,780.94,0.82,0.00,61.94,DEFAULT_VEHTYPE,,1,46.00
507.00,337277957#4_0,112.04,8.63,203.00,0.00,45429543#0_0,5.10,0.00,tripinfo_203 fcd_203,304.00,203,0,1316.06,1.11,0.00,166.06,DEFAULT_VEHTYPE,,4,106.00
507.00,337277984#0_0,50.00,9.95,466.00,0.00,337277973#1_0,5.10,0.00,tripinfo_466 fcd_466,41.00,466,0,136.92,0.99,0.00,25.96,DEFAULT_VEHTYPE,,1,20.00
508.00,42141326#13_0,106.40,9.57,275.00,0.00,492471414_0,5.10,0.00,tripinfo_275 fcd_275,233.00,275,0,764.45,0.97,0.00,148.30,DEFAULT_VEHTYPE,,4,113.00
509.00,45429543#5_0,21.13,8.91,155.00,0.00,49217110#0_0,5.10,0.00,tripinfo_155 fcd_155,354.00,155,0,970.24,1.12,0.00,255.68,DEFAULT_VEHTYPE,,6,183.00
509.00,337277973#1_0,74.82,6.68,357.00,0.00,553352498#0_0,5.10,0.00,tripinfo_357 fcd_357,152.00,357,0,770.64,0.95,0.00,54.39,DEFAULT_VEHTYPE,,1,40.00
510.00,492471759#7_0,180.68,7.79,285.00,0.00,49217110#1_0,5.10,0.00,tripinfo_285 fcd_285,225.00,285,0,941.37,1.04,0.00,118.29,DEFAULT_VEHTYPE,,3,92.00
510.00,42141326#13_1,106.40,11.46,332.00,23.00,49217108#3_0,5.10,0.00,tripinfo_309 fcd_309,178.00,309,0,667.41,1.05,0.00,110.02,DEFAULT_VEHTYPE,,3,67.00
510.00,337277970#1_1,79.16,7.99,395.00,41.00,492471759#5_0,5.10,0.00,tripinfo_354 fcd_354,115.00,354,0,453.14,0.98,0.00,61.41,DEFAULT_VEHTYPE,,2,44.00
510.00,337277957#4_0,112.04,8.12,384.00,0.00,49217123_0,5.10,0.00,tripinfo_384 fcd_384,126.00,384,0,778.85,1.10,0.00,40.73,DEFAULT_VEHTYPE,,2,22.00
511.00,337277973#1_0,74.82,8.60,420.00,4.00,553352498#2_0,5.10,0.00,tripinfo_416 fcd_416,91.00,416,0,420.03,1.13,0.00,45.99,DEFAULT_VEHTYPE,,2,31.00
512.00,40668087#4_0,102.90,7.88,311.00,0.00,337277984#0_0,5.10,0.00,tripinfo_311 fcd_311,201.00,311,0,423.70,1.09,0.00,159.78,DEFAULT_VEHTYPE,,4,101.00
512.00,492471759#7_0,180.68,9.55,360.00,0.00,553352498#2_0,5.10,0.00,tripinfo_360 fcd_360,152.00,360,0,952.49,1.19,0.00,58.03,DEFAULT_VEHTYPE,,2,24.00
514.00,337277977#0_0,104.44,6.50,222.00,0.00,49217108#0_0,5.10,0.00,tripinfo_222 fcd_222,292.00,222,0,853.30,0.84,0.00,175.21,DEFAULT_VEHTYPE,,5,127.00
514.00,337277957#5_0,116.07,9.33,289.00,0.00,42141326#11_0,5.10,0.00,tripinfo_289 fcd_289,225.00,289,0,984.71,1.19,0.00,127.65,DEFAULT_VEHTYPE,,4,75.00
514.00,337277981#3_1,16.65,8.30,406.00,3.00,337277970#1_0,5.10,0.00,tripinfo_403 fcd_403,108.00,403,0,375.01,1.09,0.00,64.92,DEFAULT_VEHTYPE,,2,44.00
516.00,542428844#1_0,40.22,8.16,427.00,0.00,49217123_0,5.10,0.00,tripinfo_427 fcd_427,89.00,427,0,364.73,1.05,0.00,46.54,DEFAULT_VEHTYPE,,1,37.00
519.00,337277957#6_0,116.59,8.72,248.00,0.00,40668087#4_0,5.10,0.00,tripinfo_248 fcd_248,271.00,248,0,1000.49,1.14,0.00,165.36,DEFAULT_VEHTYPE,,4,132.00
520.00,42141326#14_1,110.62,13.68,261.00,4.00,40668087#2_0,5.10,0.00,tripinfo_257 fcd_257,259.00,257,0,988.17,1.30,0.00,176.31,DEFAULT_VEHTYPE,,3,129.00
521.00,337277951#4_1,36.12,6.88,276.00,5.00,49217108#0_0,5.10,0.00,tripinfo_271 fcd_271,245.00,271,0,608.37,0.87,0.00,159.33,DEFAULT_VEHTYPE,,4,119.00
521.00,337277973#1_0,74.82,8.34,511.00,2.00,337277973#1_0,5.10,0.00,tripinfo_509 fcd_509,10.00,509,0,69.72,1.12,0.00,2.43,DEFAULT_VEHTYPE,,0,0.00
522.00,542429228_0,102.32,5.17,240.00,0.00,42141326#8_0,5.10,0.00,tripinfo_240 fcd_240,282.00,240,0,878.19,0.95,0.00,173.75,DEFAULT_VEHTYPE,,7,126.00
523.00,337277977#0_0,104.44,7.99,415.00,0.00,42143912#0_0,5.10,0.00,tripinfo_415 fcd_415,108.00,415,0,470.96,1.07,0.00,56.66,DEFAULT_VEHTYPE,,1,44.00
524.00,42141326#14_0,110.62,8.74,327.00,5.00,492471759#2_0,5.10,0.00,tripinfo_322 fcd_322,197.00,322,0,725.53,0.87,0.00,110.39,DEFAULT_VEHTYPE,,3,75.00
525.00,567060339#0_0,43.85,8.79,490.00,0.00,553352498#2_0,5.10,0.00,tripinfo_490 fcd_490,35.00,490,0,268.71,1.08,0.00,4.38,DEFAULT_VEHTYPE,,0,0.00
525.00,42141326#5_0,109.63,10.68,512.00,2.00,42141326#5_0,5.10,0.00,tripinfo_510 fcd_510,13.00,510,0,104.53,1.01,0.00,3.25,DEFAULT_VEHTYPE,,0,0.00
526.00,337277957#6_0,116.59,8.15,183.00,0.00,40668087#1_0,5.10,0.00,tripinfo_183 fcd_183,343.00,183,0,1351.89,1.08,0.00,192.47,DEFAULT_VEHTYPE,,5,145.00
526.00,337277984#6_0,117.79,11.63,343.00,7.00,49217108#3_0,5.10,0.00,tripinfo_336 fcd_336,183.00,336,0,681.36,1.16,0.00,123.47,DEFAULT_VEHTYPE,,3,89.00
527.00,337277957#6_1,116.59,8.08,336.00,44.00,40668087#4_0,5.10,0.00,tripinfo_292 fcd_292,191.00,292,0,1000.49,1.09,0.00,80.50,DEFAULT_VEHTYPE,,3,47.00
529.00,45429543#5_0,21.13,6.29,127.00,0.00,337277957#0_0,5.10,0.00,tripinfo_127 fcd_127,402.00,127,0,1066.59,0.82,0.00,252.67,DEFAULT_VEHTYPE,,9,192.00
530.00,337277984#5_0,114.84,11.56,390.00,13.00,42143912#3_0,5.10,0.00,tripinfo_377 fcd_377,140.00,377,0,552.09,1.08,0.00,90.13,DEFAULT_VEHTYPE,,2,71.00
530.00,492471759#6_0,105.55,7.68,418.00,0.00,45429543#0_0,5.10,0.00,tripinfo_418 fcd_418,112.00,418,0,545.87,0.92,0.00,43.42,DEFAULT_VEHTYPE,,1,32.00
534.00,337277984#6_1,117.79,9.88,356.00,0.00,492471759#1_0,5.10,0.00,tripinfo_356 fcd_356,178.00,356,0,659.64,0.96,0.00,109.08,DEFAULT_VEHTYPE,,3,75.00
535.00,337277957#6_0,116.59,8.07,204.00,0.00,42141326#4_0,5.10,0.00,tripinfo_204 fcd_204,331.00,204,0,1553.21,1.07,0.00,170.62,DEFAULT_VEHTYPE,,7,120.00
539.00,337277984#6_0,117.79,10.00,326.00,0.00,40668087#2_0,5.10,0.00,tripinfo_326 fcd_326,213.00,326,0,891.22,0.93,0.00,110.52,DEFAULT_VEHTYPE,,4,70.00
541.00,49217108#0_0,88.12,7.05,254.00,0.00,42141326#3_0,5.10,0.00,tripinfo_254 fcd_254,287.00,254,0,1299.52,0.88,0.00,125.97,DEFAULT_VEHTYPE,,5,71.00
543.00,567060342#1_0,65.54,8.68,489.00,1.00,553352498#1_0,5.10,0.00,tripinfo_488 fcd_488,54.00,488,0,440.31,1.09,0.00,4.82,DEFAULT_VEHTYPE,,0,0.00
544.00,45429543#4_0,75.60,7.77,324.00,0.00,45429543#0_0,5.10,0.00,tripinfo_324 fcd_324,220.00,324,0,629.90,0.94,0.00,138.89,DEFAULT_VEHTYPE,,4,104.00
544.00,40668087#6_0,8.81,7.10,333.00,0.00,40668087#1_0,5.10,0.00,tripinfo_333 fcd_333,211.00,333,0,560.58,0.93,0.00,138.92,DEFAULT_VEHTYPE,,3,114.00
544.00,45429543#2_0,100.54,5.36,392.00,0.00,45429543#0_0,5.10,0.00,tripinfo_392 fcd_392,152.00,392,0,436.43,1.00,0.00,99.13,DEFAULT_VEHTYPE,,2,81.00
544.00,42141326#14_0,110.62,7.97,434.00,0.00,42143912#0_0,5.10,0.00,tripinfo_434 fcd_434,110.00,434,0,586.44,0.76,0.00,30.19,DEFAULT_VEHTYPE,,1,16.00
545.00,492471759#6_0,105.55,7.18,515.00,0.00,42141326#10_0,5.10,0.00,tripinfo_515 fcd_515,30.00,515,0,209.98,0.91,0.00,4.59,DEFAULT_VEHTYPE,,0,0.00
551.00,542428845#0_0,99.31,4.82,255.00,0.00,337277957#0_0,5.10,0.00,tripinfo_255 fcd_255,296.00,255,0,841.89,0.71,0.00,151.59,DEFAULT_VEHTYPE,,6,109.00
552.00,337277957#5_0,116.07,5.73,286.00,26.00,42141326#11_0,5.10,0.00,tripinfo_260 fcd_260,266.00,260,0,984.71,0.75,0.00,111.05,DEFAULT_VEHTYPE,,3,73.00
555.00,337277957#0_1,98.10,8.74,457.00,0.00,49217110#0_0,5.10,0.00,tripinfo_457 fcd_457,98.00,457,0,432.81,1.11,0.00,50.49,DEFAULT_VEHTYPE,,1,39.00
556.00,40668087#5_0,84.58,8.04,280.00,0.00,42141326#5_0,5.10,0.00,tripinfo_280 fcd_280,276.00,280,0,644.84,0.99,0.00,203.68,DEFAULT_VEHTYPE,,5,156.00
556.00,1053072563_0,100.63,8.42,359.00,56.00,40668087#4_0,5.10,0.00,tripinfo_303 fcd_303,197.00,303,0,525.11,1.04,0.00,135.04,DEFAULT_VEHTYPE,,4,97.00
557.00,337277957#0_0,98.10,8.89,460.00,0.00,49217110#0_0,5.10,0.00,tripinfo_460 fcd_460,97.00,460,0,432.81,1.12,0.00,50.43,DEFAULT_VEHTYPE,,1,38.00
558.00,542428844#2_0,56.00,6.83,338.00,0.00,553352498#0_0,5.10,0.00,tripinfo_338 fcd_338,220.00,338,0,1110.47,0.96,0.00,80.49,DEFAULT_VEHTYPE,,2,58.00
560.00,337277957#2_0,107.70,6.27,389.00,2.00,40668087#5_0,5.10,0.00,tripinfo_387 fcd_387,171.00,387,0,427.78,0.90,0.00,113.66,DEFAULT_VEHTYPE,,3,98.00
561.00,49217102_0,98.88,6.62,190.00,0.00,42141326#5_0,5.10,0.00,tripinfo_190 fcd_190,371.00,190,0,1197.10,0.90,0.00,223.96,DEFAULT_VEHTYPE,,7,146.00
561.00,492471759#4_0,55.40,4.69,383.00,0.00,42143912#0_0,5.10,0.00,tripinfo_383 fcd_383,178.00,383,0,547.64,1.14,0.00,122.42,DEFAULT_VEHTYPE,,3,99.00
561.00,337277957#5_0,116.07,7.50,461.00,0.00,553352498#3_0,5.10,0.00,tripinfo_461 fcd_461,100.00,461,0,662.53,0.92,0.00,12.84,DEFAULT_VEHTYPE,,0,0.00
563.00,492471758_0,104.53,4.23,286.00,0.00,49217102_0,5.10,0.00,tripinfo_286 fcd_286,277.00,286,0,853.67,0.98,0.00,171.87,DEFAULT_VEHTYPE,,6,125.00
564.00,337277957#2_1,107.70,8.50,475.00,38.00,40668087#6_0,5.10,0.00,tripinfo_437 fcd_437,89.00,437,0,336.20,1.04,0.00,50.05,DEFAULT_VEHTYPE,,2,34.00
567.00,492471758_0,104.53,5.28,297.00,0.00,42141326#0_0,5.10,0.00,tripinfo_297 fcd_297,270.00,297,0,1069.39,0.98,0.00,150.89,DEFAULT_VEHTYPE,,4,111.00
567.00,337277984#8_0,158.41,9.02,341.00,0.00,553352498#2_0,5.10,0.00,tripinfo_341 fcd_341,226.00,341,0,1273.35,0.86,0.00,77.59,DEFAULT_VEHTYPE,,2,57.00
567.00,49217109#2_0,102.91,4.60,365.00,2.00,337277973#1_0,5.10,0.00,tripinfo_363 fcd_363,202.00,363,0,613.40,0.90,0.00,111.37,DEFAULT_VEHTYPE,,3,75.00
568.00,42141326#11_1,100.80,9.55,329.00,2.00,40668087#2_0,5.10,0.00,tripinfo_327 fcd_327,239.00,327,0,656.54,0.95,0.00,158.06,DEFAULT_VEHTYPE,,4,122.00
570.00,45429543#5_0,21.13,7.55,484.00,0.00,40668087#3_0,5.10,0.00,tripinfo_484 fcd_484,86.00,484,0,211.33,0.98,0.00,59.72,DEFAULT_VEHTYPE,,1,50.00
571.00,492471759#4_0,55.40,7.37,476.00,0.00,553352498#3_0,5.10,0.00,tripinfo_476 fcd_476,95.00,476,0,493.46,0.98,0.00,37.14,DEFAULT_VEHTYPE,,2,21.00
572.00,42141326#11_1,100.80,11.94,348.00,0.00,492471414_0,5.10,0.00,tripinfo_348 fcd_348,224.00,348,0,543.72,1.13,0.00,168.25,DEFAULT_VEHTYPE,,4,124.00
573.00,492471759#3_0,93.67,8.63,231.00,0.00,45429543#0_0,5.10,0.00,tripinfo_231 fcd_231,342.00,231,0,757.66,1.14,0.00,260.93,DEFAULT_VEHTYPE,,7,194.00
574.00,337277977#1_0,133.65,9.38,486.00,0.00,553352498#1_0,5.10,0.00,tripinfo_486 fcd_486,88.00,486,0,805.46,1.24,0.00,10.00,DEFAULT_VEHTYPE,,0,0.00
575.00,492471759#3_0,93.67,8.00,272.00,0.00,337277951#1_0,5.10,0.00,tripinfo_272 fcd_272,303.00,272,0,725.01,1.05,0.00,224.94,DEFAULT_VEHTYPE,,7,161.00
575.00,337277957#3_0,112.97,7.14,401.00,1.00,40668087#5_0,5.10,0.00,tripinfo_400 fcd_400,174.00,400,0,541.04,0.98,0.00,107.28,DEFAULT_VEHTYPE,,3,89.00
579.00,542428844#2_0,56.00,9.06,277.00,0.00,492471759#3_0,5.10,0.00,tripinfo_277 fcd_277,302.00,277,0,752.22,1.21,0.00,228.24,DEFAULT_VEHTYPE,,6,145.00
579.00,42141326#11_0,100.80,9.64,330.00,0.00,553352498#0_0,5.10,0.00,tripinfo_330 fcd_330,249.00,330,0,1111.98,0.96,0.00,115.35,DEFAULT_VEHTYPE,,2,91.00
579.00,337277984#8_0,158.41,9.48,349.00,0.00,42143912#2_0,5.10,0.00,tripinfo_349 fcd_349,230.00,349,0,1001.15,0.90,0.00,123.34,DEFAULT_VEHTYPE,,3,103.00
579.00,492471759#3_0,93.67,8.11,404.00,0.00,337277973#1_0,5.10,0.00,tripinfo_404 fcd_404,175.00,404,0,618.19,1.10,0.00,112.70,DEFAULT_VEHTYPE,,4,63.00
580.00,337277984#7_0,111.15,8.26,539.00,4.00,337277984#5_0,5.10,0.00,tripinfo_535 fcd_535,41.00,535,0,339.07,0.86,0.00,4.77,DEFAULT_VEHTYPE,,0,0.00
581.00,542428844#1_0,40.22,7.80,371.00,46.00,45429543#3_0,5.10,0.00,tripinfo_325 fcd_325,210.00,325,0,473.62,1.01,0.00,153.09,DEFAULT_VEHTYPE,,4,109.00
582.00,337277984#8_0,158.41,10.62,404.00,18.00,42143912#5_0,5.10,0.00,tripinfo_386 fcd_386,178.00,386,0,883.96,0.99,0.00,96.06,DEFAULT_VEHTYPE,,3,71.00
584.00,492471759#6_0,105.55,9.17,319.00,0.00,49217123_0,5.10,0.00,tripinfo_319 fcd_319,265.00,319,0,872.76,1.13,0.00,174.09,DEFAULT_VEHTYPE,,4,127.00
585.00,337277984#8_0,158.41,10.16,302.00,0.00,49217110#1_0,5.10,0.00,tripinfo_302 fcd_302,283.00,302,0,1262.23,0.98,0.00,153.73,DEFAULT_VEHTYPE,,3,115.00
585.00,49217109#2_0,102.91,4.41,469.00,0.00,49217102_0,5.10,0.00,tripinfo_469 fcd_469,116.00,469,0,431.99,0.87,0.00,47.45,DEFAULT_VEHTYPE,,1,34.00
585.00,553352498#1_0,114.52,6.68,536.00,0.00,553352498#0_0,5.10,0.00,tripinfo_536 fcd_536,49.00,536,0,345.26,0.95,0.00,4.86,DEFAULT_VEHTYPE,,0,0.00
585.00,42141326#5_0,109.63,10.69,552.00,0.00,42141326#1_0,5.10,0.00,tripinfo_552 fcd_552,33.00,552,0,329.09,1.02,0.00,3.86,DEFAULT_VEHTYPE,,0,0.00
586.00,337277984#7_0,111.15,9.07,425.00,0.00,49217110#0_0,5.10,0.00,tripinfo_425 fcd_425,161.00,425,0,1217.98,0.88,0.00,17.19,DEFAULT_VEHTYPE,,0,0.00
586.00,337277984#8_1,158.41,11.05,462.00,0.00,337277951#4_0,5.10,0.00,tripinfo_462 fcd_462,124.00,462,0,982.66,1.01,0.00,31.11,DEFAULT_VEHTYPE,,1,12.00
588.00,42141326#12_0,91.65,5.86,369.00,0.00,42141326#1_0,5.10,0.00,tripinfo_369 fcd_369,219.00,369,0,771.85,1.02,0.00,150.28,DEFAULT_VEHTYPE,,4,126.00
588.00,42141326#11_1,100.80,8.26,399.00,0.00,553352498#0_0,5.10,0.00,tripinfo_399 fcd_399,189.00,399,0,1111.98,1.07,0.00,69.19,DEFAULT_VEHTYPE,,2,35.00
588.00,42141326#12_1,91.65,5.70,450.00,0.00,42141326#5_0,5.10,0.00,tripinfo_450 fcd_450,138.00,450,0,547.29,1.07,0.00,91.70,DEFAULT_VEHTYPE,,3,71.00
590.00,337277984#7_0,111.15,11.98,378.00,2.00,42141326#4_0,5.10,0.00,tripinfo_376 fcd_376,212.00,376,0,892.38,1.10,0.00,134.15,DEFAULT_VEHTYPE,,3,97.00
592.00,337277973#1_1,74.82,7.53,290.00,0.00,42141326#0_0,5.10,0.00,tripinfo_290 fcd_290,302.00,290,0,1355.25,0.97,0.00,158.72,DEFAULT_VEHTYPE,,6,114.00
593.00,337277957#4_1,112.04,7.54,236.00,4.00,337277984#0_0,5.10,0.00,tripinfo_232 fcd_232,357.00,232,0,1093.16,0.97,0.00,227.26,DEFAULT_VEHTYPE,,6,157.00
593.00,49217121_0,99.72,7.53,393.00,22.00,492471759#2_0,5.10,0.00,tripinfo_371 fcd_371,200.00,371,0,602.43,0.94,0.00,121.42,DEFAULT_VEHTYPE,,4,93.00
596.00,42143912#3_0,44.90,8.52,512.00,0.00,42143912#0_0,5.10,0.00,tripinfo_512 fcd_512,84.00,512,0,315.66,1.09,0.00,48.52,DEFAULT_VEHTYPE,,1,40.00
598.00,45429543#4_0,75.60,7.52,268.00,0.00,49217108#0_0,5.10,0.00,tripinfo_268 fcd_268,330.00,268,0,709.37,0.96,0.00,243.54,DEFAULT_VEHTYPE,,9,176.00
598.00,42141326#13_0,106.40,10.15,331.00,0.00,40668087#3_0,5.10,0.00,tripinfo_331 fcd_331,267.00,331,0,763.83,1.02,0.00,185.50,DEFAULT_VEHTYPE,,5,147.00
